{"0.11862740152215845":{"user_id":2},"0.6818550432990436":{"user_id":2}}